Image,Red Puncta Count,Green Puncta Count,Colocalized Puncta Count,Offset Used,Lower Red Threshold,Upper Red Threshold,Lower Green Threshold,Upper Green Threshold,Red Min Pixel,Green Min Pixel,Scale,Unit
Output\AB7917_V1_section1_488-Cas9_594-PSD95_674-VGluT1_20240220_s00-1.tif,2089,1703,830,0,0.900,1.000E30,0.900,1.000E30,4,4,0.129,µm
Output\AB7917_V1_section1_488-Cas9_594-PSD95_674-VGluT1_20240220_s00-2.tif,5019,4058,2170,0,0.900,1.000E30,0.900,1.000E30,4,4,0.129,µm
Output\AB7917_V1_section1_488-Cas9_594-PSD95_674-VGluT1_20240220_s00-3.tif,5624,4447,2150,0,0.900,1.000E30,0.900,1.000E30,4,4,0.129,µm
Output\AB7917_V1_section1_488-Cas9_594-PSD95_674-VGluT1_20240220_s00-4.tif,6005,4689,2231,0,0.900,1.000E30,0.900,1.000E30,4,4,0.129,µm
Output\AB7917_V1_section1_488-Cas9_594-PSD95_674-VGluT1_20240220_s00-5.tif,6269,4765,2278,0,0.900,1.000E30,0.900,1.000E30,4,4,0.129,µm
Output\AB7917_V1_section1_488-Cas9_594-PSD95_674-VGluT1_20240220_s00-6.tif,6504,4791,2287,0,0.900,1.000E30,0.900,1.000E30,4,4,0.129,µm
Output\AB7917_V1_section1_488-Cas9_594-PSD95_674-VGluT1_20240220_s00-7.tif,6551,4783,2283,0,0.900,1.000E30,0.900,1.000E30,4,4,0.129,µm
Output\AB7917_V1_section2_488-Cas9_594-PSD95_674-VGluT1_20240220_s00-1.tif,1582,1400,431,0,0.900,1.000E30,0.900,1.000E30,4,4,0.129,µm
Output\AB7917_V1_section2_488-Cas9_594-PSD95_674-VGluT1_20240220_s00-2.tif,3343,2244,936,0,0.900,1.000E30,0.900,1.000E30,4,4,0.129,µm
Output\AB7917_V1_section2_488-Cas9_594-PSD95_674-VGluT1_20240220_s00-3.tif,4336,3103,1387,0,0.900,1.000E30,0.900,1.000E30,4,4,0.129,µm
Output\AB7917_V1_section2_488-Cas9_594-PSD95_674-VGluT1_20240220_s00-4.tif,5071,3518,1653,0,0.900,1.000E30,0.900,1.000E30,4,4,0.129,µm
Output\AB7917_V1_section2_488-Cas9_594-PSD95_674-VGluT1_20240220_s00-5.tif,5401,3577,1631,0,0.900,1.000E30,0.900,1.000E30,4,4,0.129,µm
Output\AB7917_V1_section2_488-Cas9_594-PSD95_674-VGluT1_20240220_s00-6.tif,5545,3576,1573,0,0.900,1.000E30,0.900,1.000E30,4,4,0.129,µm
Output\AB7917_V1_section2_488-Cas9_594-PSD95_674-VGluT1_20240220_s00-7.tif,5555,3558,1586,0,0.900,1.000E30,0.900,1.000E30,4,4,0.129,µm
Output\AB7917_V1_section3_488-Cas9_594-PSD95_674-VGluT1_20240220_s00-1.tif,1454,907,388,0,0.900,1.000E30,0.900,1.000E30,4,4,0.129,µm
Output\AB7917_V1_section3_488-Cas9_594-PSD95_674-VGluT1_20240220_s00-2.tif,4540,2426,1213,0,0.900,1.000E30,0.900,1.000E30,4,4,0.129,µm
Output\AB7917_V1_section3_488-Cas9_594-PSD95_674-VGluT1_20240220_s00-3.tif,5145,2474,1132,0,0.900,1.000E30,0.900,1.000E30,4,4,0.129,µm
Output\AB7917_V1_section3_488-Cas9_594-PSD95_674-VGluT1_20240220_s00-4.tif,5451,2483,1118,0,0.900,1.000E30,0.900,1.000E30,4,4,0.129,µm
Output\AB7917_V1_section3_488-Cas9_594-PSD95_674-VGluT1_20240220_s00-5.tif,5680,2441,1087,0,0.900,1.000E30,0.900,1.000E30,4,4,0.129,µm
Output\AB7917_V1_section3_488-Cas9_594-PSD95_674-VGluT1_20240220_s00-6.tif,5970,2483,1055,0,0.900,1.000E30,0.900,1.000E30,4,4,0.129,µm
Output\AB7917_V1_section3_488-Cas9_594-PSD95_674-VGluT1_20240220_s00-7.tif,5972,2454,1015,0,0.900,1.000E30,0.900,1.000E30,4,4,0.129,µm
Output\AB7929_V1_section1_488-Cas9_594-PSD95_674-VGluT1_20240220_001_s00-1.tif,950,519,78,0,0.900,1.000E30,0.900,1.000E30,4,4,0.129,µm
Output\AB7929_V1_section1_488-Cas9_594-PSD95_674-VGluT1_20240220_001_s00-2.tif,1834,1025,167,0,0.900,1.000E30,0.900,1.000E30,4,4,0.129,µm
Output\AB7929_V1_section1_488-Cas9_594-PSD95_674-VGluT1_20240220_001_s00-3.tif,1955,1019,133,0,0.900,1.000E30,0.900,1.000E30,4,4,0.129,µm
Output\AB7929_V1_section1_488-Cas9_594-PSD95_674-VGluT1_20240220_001_s00-4.tif,1956,1007,131,0,0.900,1.000E30,0.900,1.000E30,4,4,0.129,µm
Output\AB7929_V1_section1_488-Cas9_594-PSD95_674-VGluT1_20240220_001_s00-5.tif,2000,1053,126,0,0.900,1.000E30,0.900,1.000E30,4,4,0.129,µm
Output\AB7929_V1_section1_488-Cas9_594-PSD95_674-VGluT1_20240220_001_s00-6.tif,2028,1076,125,0,0.900,1.000E30,0.900,1.000E30,4,4,0.129,µm
Output\AB7929_V1_section1_488-Cas9_594-PSD95_674-VGluT1_20240220_001_s00-7.tif,2031,1103,131,0,0.900,1.000E30,0.900,1.000E30,4,4,0.129,µm
Output\AB7929_V1_section1_488-Cas9_594-PSD95_674-VGluT1_20240220_s00-1.tif,1158,653,80,0,0.900,1.000E30,0.900,1.000E30,4,4,0.129,µm
Output\AB7929_V1_section1_488-Cas9_594-PSD95_674-VGluT1_20240220_s00-2.tif,1962,896,129,0,0.900,1.000E30,0.900,1.000E30,4,4,0.129,µm
Output\AB7929_V1_section1_488-Cas9_594-PSD95_674-VGluT1_20240220_s00-3.tif,2080,822,114,0,0.900,1.000E30,0.900,1.000E30,4,4,0.129,µm
Output\AB7929_V1_section1_488-Cas9_594-PSD95_674-VGluT1_20240220_s00-4.tif,2047,777,99,0,0.900,1.000E30,0.900,1.000E30,4,4,0.129,µm
Output\AB7929_V1_section1_488-Cas9_594-PSD95_674-VGluT1_20240220_s00-5.tif,2037,802,97,0,0.900,1.000E30,0.900,1.000E30,4,4,0.129,µm
Output\AB7929_V1_section1_488-Cas9_594-PSD95_674-VGluT1_20240220_s00-6.tif,2075,812,97,0,0.900,1.000E30,0.900,1.000E30,4,4,0.129,µm
Output\AB7929_V1_section1_488-Cas9_594-PSD95_674-VGluT1_20240220_s00-7.tif,2061,830,101,0,0.900,1.000E30,0.900,1.000E30,4,4,0.129,µm
Output\AB7929_V1_section2_488-Cas9_594-PSD95_674-VGluT1_20240220_s00-1.tif,616,879,55,0,0.900,1.000E30,0.900,1.000E30,4,4,0.129,µm
Output\AB7929_V1_section2_488-Cas9_594-PSD95_674-VGluT1_20240220_s00-2.tif,1096,1244,91,0,0.900,1.000E30,0.900,1.000E30,4,4,0.129,µm
Output\AB7929_V1_section2_488-Cas9_594-PSD95_674-VGluT1_20240220_s00-3.tif,1202,1177,78,0,0.900,1.000E30,0.900,1.000E30,4,4,0.129,µm
Output\AB7929_V1_section2_488-Cas9_594-PSD95_674-VGluT1_20240220_s00-4.tif,1382,1074,83,0,0.900,1.000E30,0.900,1.000E30,4,4,0.129,µm
Output\AB7929_V1_section2_488-Cas9_594-PSD95_674-VGluT1_20240220_s00-5.tif,1541,1165,105,0,0.900,1.000E30,0.900,1.000E30,4,4,0.129,µm
Output\AB7929_V1_section2_488-Cas9_594-PSD95_674-VGluT1_20240220_s00-6.tif,1558,1155,102,0,0.900,1.000E30,0.900,1.000E30,4,4,0.129,µm
Output\AB7929_V1_section2_488-Cas9_594-PSD95_674-VGluT1_20240220_s00-7.tif,1572,1146,100,0,0.900,1.000E30,0.900,1.000E30,4,4,0.129,µm
Output\AB7929_V1_section3_488-Cas9_594-PSD95_674-VGluT1_20240220_s00-1.tif,1470,961,166,0,0.900,1.000E30,0.900,1.000E30,4,4,0.129,µm
Output\AB7929_V1_section3_488-Cas9_594-PSD95_674-VGluT1_20240220_s00-2.tif,2596,1188,227,0,0.900,1.000E30,0.900,1.000E30,4,4,0.129,µm
Output\AB7929_V1_section3_488-Cas9_594-PSD95_674-VGluT1_20240220_s00-3.tif,2959,1128,223,0,0.900,1.000E30,0.900,1.000E30,4,4,0.129,µm
Output\AB7929_V1_section3_488-Cas9_594-PSD95_674-VGluT1_20240220_s00-4.tif,3067,1107,206,0,0.900,1.000E30,0.900,1.000E30,4,4,0.129,µm
Output\AB7929_V1_section3_488-Cas9_594-PSD95_674-VGluT1_20240220_s00-5.tif,3167,1199,212,0,0.900,1.000E30,0.900,1.000E30,4,4,0.129,µm
Output\AB7929_V1_section3_488-Cas9_594-PSD95_674-VGluT1_20240220_s00-6.tif,3312,1252,223,0,0.900,1.000E30,0.900,1.000E30,4,4,0.129,µm
Output\AB7929_V1_section3_488-Cas9_594-PSD95_674-VGluT1_20240220_s00-7.tif,3294,1289,233,0,0.900,1.000E30,0.900,1.000E30,4,4,0.129,µm
Output\AB7930_V1_section1_488-Cas9_594-PSD95_674-VGluT1_20240220_s00-1.tif,1498,864,234,0,0.900,1.000E30,0.900,1.000E30,4,4,0.129,µm
Output\AB7930_V1_section1_488-Cas9_594-PSD95_674-VGluT1_20240220_s00-2.tif,3069,1320,434,0,0.900,1.000E30,0.900,1.000E30,4,4,0.129,µm
Output\AB7930_V1_section1_488-Cas9_594-PSD95_674-VGluT1_20240220_s00-3.tif,3589,1317,453,0,0.900,1.000E30,0.900,1.000E30,4,4,0.129,µm
Output\AB7930_V1_section1_488-Cas9_594-PSD95_674-VGluT1_20240220_s00-4.tif,3804,1303,437,0,0.900,1.000E30,0.900,1.000E30,4,4,0.129,µm
Output\AB7930_V1_section1_488-Cas9_594-PSD95_674-VGluT1_20240220_s00-5.tif,4063,1341,448,0,0.900,1.000E30,0.900,1.000E30,4,4,0.129,µm
Output\AB7930_V1_section1_488-Cas9_594-PSD95_674-VGluT1_20240220_s00-6.tif,4231,1386,439,0,0.900,1.000E30,0.900,1.000E30,4,4,0.129,µm
Output\AB7930_V1_section1_488-Cas9_594-PSD95_674-VGluT1_20240220_s00-7.tif,4296,1373,438,0,0.900,1.000E30,0.900,1.000E30,4,4,0.129,µm
Output\AB7930_V1_section2_488-Cas9_594-PSD95_674-VGluT1_20240220_s00-1.tif,1809,1615,390,0,0.900,1.000E30,0.900,1.000E30,4,4,0.128,µm
Output\AB7930_V1_section2_488-Cas9_594-PSD95_674-VGluT1_20240220_s00-2.tif,2604,1569,493,0,0.900,1.000E30,0.900,1.000E30,4,4,0.128,µm
Output\AB7930_V1_section2_488-Cas9_594-PSD95_674-VGluT1_20240220_s00-3.tif,2910,1581,480,0,0.900,1.000E30,0.900,1.000E30,4,4,0.128,µm
Output\AB7930_V1_section2_488-Cas9_594-PSD95_674-VGluT1_20240220_s00-4.tif,3261,1621,481,0,0.900,1.000E30,0.900,1.000E30,4,4,0.128,µm
Output\AB7930_V1_section2_488-Cas9_594-PSD95_674-VGluT1_20240220_s00-5.tif,3497,1667,464,0,0.900,1.000E30,0.900,1.000E30,4,4,0.128,µm
Output\AB7930_V1_section2_488-Cas9_594-PSD95_674-VGluT1_20240220_s00-6.tif,3582,1667,457,0,0.900,1.000E30,0.900,1.000E30,4,4,0.128,µm
Output\AB7930_V1_section2_488-Cas9_594-PSD95_674-VGluT1_20240220_s00-7.tif,3634,1640,432,0,0.900,1.000E30,0.900,1.000E30,4,4,0.128,µm
Output\AB7930_V1_section3_488-Cas9_594-PSD95_674-VGluT1_20240220_s00-1.tif,1127,902,168,0,0.900,1.000E30,0.900,1.000E30,4,4,0.128,µm
Output\AB7930_V1_section3_488-Cas9_594-PSD95_674-VGluT1_20240220_s00-2.tif,2577,1305,310,0,0.900,1.000E30,0.900,1.000E30,4,4,0.128,µm
Output\AB7930_V1_section3_488-Cas9_594-PSD95_674-VGluT1_20240220_s00-3.tif,3359,1213,326,0,0.900,1.000E30,0.900,1.000E30,4,4,0.128,µm
Output\AB7930_V1_section3_488-Cas9_594-PSD95_674-VGluT1_20240220_s00-4.tif,3680,1172,304,0,0.900,1.000E30,0.900,1.000E30,4,4,0.128,µm
Output\AB7930_V1_section3_488-Cas9_594-PSD95_674-VGluT1_20240220_s00-5.tif,3910,1229,343,0,0.900,1.000E30,0.900,1.000E30,4,4,0.128,µm
Output\AB7930_V1_section3_488-Cas9_594-PSD95_674-VGluT1_20240220_s00-6.tif,4015,1253,328,0,0.900,1.000E30,0.900,1.000E30,4,4,0.128,µm
Output\AB7930_V1_section3_488-Cas9_594-PSD95_674-VGluT1_20240220_s00-7.tif,4105,1241,343,0,0.900,1.000E30,0.900,1.000E30,4,4,0.128,µm
Output\AB7931_V1_section1_488-Cas9_594-PSD95_674-VGluT1_20240220_s00-1.tif,3063,1658,570,0,0.900,1.000E30,0.900,1.000E30,4,4,0.129,µm
Output\AB7931_V1_section1_488-Cas9_594-PSD95_674-VGluT1_20240220_s00-2.tif,4013,1809,612,0,0.900,1.000E30,0.900,1.000E30,4,4,0.129,µm
Output\AB7931_V1_section1_488-Cas9_594-PSD95_674-VGluT1_20240220_s00-3.tif,4251,1672,558,0,0.900,1.000E30,0.900,1.000E30,4,4,0.129,µm
Output\AB7931_V1_section1_488-Cas9_594-PSD95_674-VGluT1_20240220_s00-4.tif,4317,1616,506,0,0.900,1.000E30,0.900,1.000E30,4,4,0.129,µm
Output\AB7931_V1_section1_488-Cas9_594-PSD95_674-VGluT1_20240220_s00-5.tif,4286,1398,428,0,0.900,1.000E30,0.900,1.000E30,4,4,0.129,µm
Output\AB7931_V1_section1_488-Cas9_594-PSD95_674-VGluT1_20240220_s00-6.tif,4456,1378,414,0,0.900,1.000E30,0.900,1.000E30,4,4,0.129,µm
Output\AB7931_V1_section1_488-Cas9_594-PSD95_674-VGluT1_20240220_s00-7.tif,4525,1354,397,0,0.900,1.000E30,0.900,1.000E30,4,4,0.129,µm
Output\AB7931_V1_section2_488-Cas9_594-PSD95_674-VGluT1_20240220_s00-1.tif,2532,1431,426,0,0.900,1.000E30,0.900,1.000E30,4,4,0.129,µm
Output\AB7931_V1_section2_488-Cas9_594-PSD95_674-VGluT1_20240220_s00-2.tif,3230,1500,444,0,0.900,1.000E30,0.900,1.000E30,4,4,0.129,µm
Output\AB7931_V1_section2_488-Cas9_594-PSD95_674-VGluT1_20240220_s00-3.tif,3578,1493,441,0,0.900,1.000E30,0.900,1.000E30,4,4,0.129,µm
Output\AB7931_V1_section2_488-Cas9_594-PSD95_674-VGluT1_20240220_s00-4.tif,3788,1469,387,0,0.900,1.000E30,0.900,1.000E30,4,4,0.129,µm
Output\AB7931_V1_section2_488-Cas9_594-PSD95_674-VGluT1_20240220_s00-5.tif,3969,1587,444,0,0.900,1.000E30,0.900,1.000E30,4,4,0.129,µm
Output\AB7931_V1_section2_488-Cas9_594-PSD95_674-VGluT1_20240220_s00-6.tif,4231,1664,470,0,0.900,1.000E30,0.900,1.000E30,4,4,0.129,µm
Output\AB7931_V1_section2_488-Cas9_594-PSD95_674-VGluT1_20240220_s00-7.tif,4312,1694,469,0,0.900,1.000E30,0.900,1.000E30,4,4,0.129,µm
Output\AB7931_V1_section3_488-Cas9_594-PSD95_674-VGluT1_20240220_s00-1.tif,2511,1489,474,0,0.900,1.000E30,0.900,1.000E30,4,4,0.130,µm
Output\AB7931_V1_section3_488-Cas9_594-PSD95_674-VGluT1_20240220_s00-2.tif,3523,1881,615,0,0.900,1.000E30,0.900,1.000E30,4,4,0.130,µm
Output\AB7931_V1_section3_488-Cas9_594-PSD95_674-VGluT1_20240220_s00-3.tif,3743,1842,580,0,0.900,1.000E30,0.900,1.000E30,4,4,0.130,µm
Output\AB7931_V1_section3_488-Cas9_594-PSD95_674-VGluT1_20240220_s00-4.tif,3930,1806,519,0,0.900,1.000E30,0.900,1.000E30,4,4,0.130,µm
Output\AB7931_V1_section3_488-Cas9_594-PSD95_674-VGluT1_20240220_s00-5.tif,3964,1743,426,0,0.900,1.000E30,0.900,1.000E30,4,4,0.130,µm
Output\AB7931_V1_section3_488-Cas9_594-PSD95_674-VGluT1_20240220_s00-6.tif,4150,1801,455,0,0.900,1.000E30,0.900,1.000E30,4,4,0.130,µm
Output\AB7931_V1_section3_488-Cas9_594-PSD95_674-VGluT1_20240220_s00-7.tif,4193,1814,450,0,0.900,1.000E30,0.900,1.000E30,4,4,0.130,µm
Output\AB7932_V1_section1_488-Cas9_594-PSD95_674-VGluT1_20240220_s00-1.tif,2394,1261,387,0,0.900,1.000E30,0.900,1.000E30,4,4,0.128,µm
Output\AB7932_V1_section1_488-Cas9_594-PSD95_674-VGluT1_20240220_s00-2.tif,3808,1802,592,0,0.900,1.000E30,0.900,1.000E30,4,4,0.128,µm
Output\AB7932_V1_section1_488-Cas9_594-PSD95_674-VGluT1_20240220_s00-3.tif,4017,1807,570,0,0.900,1.000E30,0.900,1.000E30,4,4,0.128,µm
Output\AB7932_V1_section1_488-Cas9_594-PSD95_674-VGluT1_20240220_s00-4.tif,4025,1767,521,0,0.900,1.000E30,0.900,1.000E30,4,4,0.128,µm
Output\AB7932_V1_section1_488-Cas9_594-PSD95_674-VGluT1_20240220_s00-5.tif,4057,1755,528,0,0.900,1.000E30,0.900,1.000E30,4,4,0.128,µm
Output\AB7932_V1_section1_488-Cas9_594-PSD95_674-VGluT1_20240220_s00-6.tif,4149,1770,514,0,0.900,1.000E30,0.900,1.000E30,4,4,0.128,µm
Output\AB7932_V1_section1_488-Cas9_594-PSD95_674-VGluT1_20240220_s00-7.tif,4176,1789,471,0,0.900,1.000E30,0.900,1.000E30,4,4,0.128,µm
Output\AB7932_V1_section2_488-Cas9_594-PSD95_674-VGluT1_20240220_s00-1.tif,2224,782,263,0,0.900,1.000E30,0.900,1.000E30,4,4,0.129,µm
Output\AB7932_V1_section2_488-Cas9_594-PSD95_674-VGluT1_20240220_s00-2.tif,3546,1282,454,0,0.900,1.000E30,0.900,1.000E30,4,4,0.129,µm
Output\AB7932_V1_section2_488-Cas9_594-PSD95_674-VGluT1_20240220_s00-3.tif,3724,1273,391,0,0.900,1.000E30,0.900,1.000E30,4,4,0.129,µm
Output\AB7932_V1_section2_488-Cas9_594-PSD95_674-VGluT1_20240220_s00-4.tif,3778,1247,381,0,0.900,1.000E30,0.900,1.000E30,4,4,0.129,µm
Output\AB7932_V1_section2_488-Cas9_594-PSD95_674-VGluT1_20240220_s00-5.tif,3669,1213,331,0,0.900,1.000E30,0.900,1.000E30,4,4,0.129,µm
Output\AB7932_V1_section2_488-Cas9_594-PSD95_674-VGluT1_20240220_s00-6.tif,3860,1243,327,0,0.900,1.000E30,0.900,1.000E30,4,4,0.129,µm
Output\AB7932_V1_section2_488-Cas9_594-PSD95_674-VGluT1_20240220_s00-7.tif,3912,1237,321,0,0.900,1.000E30,0.900,1.000E30,4,4,0.129,µm
Output\AB7932_V1_section3_488-Cas9_594-PSD95_674-VGluT1_20240220_s00-1.tif,1929,1218,286,0,0.900,1.000E30,0.900,1.000E30,4,4,0.129,µm
Output\AB7932_V1_section3_488-Cas9_594-PSD95_674-VGluT1_20240220_s00-2.tif,2983,1240,294,0,0.900,1.000E30,0.900,1.000E30,4,4,0.129,µm
Output\AB7932_V1_section3_488-Cas9_594-PSD95_674-VGluT1_20240220_s00-3.tif,3325,1138,251,0,0.900,1.000E30,0.900,1.000E30,4,4,0.129,µm
Output\AB7932_V1_section3_488-Cas9_594-PSD95_674-VGluT1_20240220_s00-4.tif,3437,1054,225,0,0.900,1.000E30,0.900,1.000E30,4,4,0.129,µm
Output\AB7932_V1_section3_488-Cas9_594-PSD95_674-VGluT1_20240220_s00-5.tif,3642,1055,221,0,0.900,1.000E30,0.900,1.000E30,4,4,0.129,µm
Output\AB7932_V1_section3_488-Cas9_594-PSD95_674-VGluT1_20240220_s00-6.tif,3812,1074,236,0,0.900,1.000E30,0.900,1.000E30,4,4,0.129,µm
Output\AB7932_V1_section3_488-Cas9_594-PSD95_674-VGluT1_20240220_s00-7.tif,3929,1079,224,0,0.900,1.000E30,0.900,1.000E30,4,4,0.129,µm
Output\AB7920_V1_section1_488-Cas9_594-PSD95_674-VGluT1_20240220_s00-1.tif,1466,683,209,0,0.900,1.000E30,0.900,1.000E30,4,4,0.129,µm
Output\AB7920_V1_section1_488-Cas9_594-PSD95_674-VGluT1_20240220_s00-2.tif,4046,1951,663,0,0.900,1.000E30,0.900,1.000E30,4,4,0.129,µm
Output\AB7920_V1_section1_488-Cas9_594-PSD95_674-VGluT1_20240220_s00-3.tif,4456,1976,669,0,0.900,1.000E30,0.900,1.000E30,4,4,0.129,µm
Output\AB7920_V1_section1_488-Cas9_594-PSD95_674-VGluT1_20240220_s00-4.tif,4533,1956,644,0,0.900,1.000E30,0.900,1.000E30,4,4,0.129,µm
Output\AB7920_V1_section1_488-Cas9_594-PSD95_674-VGluT1_20240220_s00-5.tif,4436,1879,594,0,0.900,1.000E30,0.900,1.000E30,4,4,0.129,µm
Output\AB7920_V1_section1_488-Cas9_594-PSD95_674-VGluT1_20240220_s00-6.tif,4535,1881,596,0,0.900,1.000E30,0.900,1.000E30,4,4,0.129,µm
Output\AB7920_V1_section1_488-Cas9_594-PSD95_674-VGluT1_20240220_s00-7.tif,4556,1887,584,0,0.900,1.000E30,0.900,1.000E30,4,4,0.129,µm
Output\AB7920_V1_section2_488-Cas9_594-PSD95_674-VGluT1_20240220_s00-1.tif,2060,701,217,0,0.900,1.000E30,0.900,1.000E30,4,4,0.129,µm
Output\AB7920_V1_section2_488-Cas9_594-PSD95_674-VGluT1_20240220_s00-2.tif,3061,963,281,0,0.900,1.000E30,0.900,1.000E30,4,4,0.129,µm
Output\AB7920_V1_section2_488-Cas9_594-PSD95_674-VGluT1_20240220_s00-3.tif,3174,945,260,0,0.900,1.000E30,0.900,1.000E30,4,4,0.129,µm
Output\AB7920_V1_section2_488-Cas9_594-PSD95_674-VGluT1_20240220_s00-4.tif,3129,936,244,0,0.900,1.000E30,0.900,1.000E30,4,4,0.129,µm
Output\AB7920_V1_section2_488-Cas9_594-PSD95_674-VGluT1_20240220_s00-5.tif,2812,953,186,0,0.900,1.000E30,0.900,1.000E30,4,4,0.129,µm
Output\AB7920_V1_section2_488-Cas9_594-PSD95_674-VGluT1_20240220_s00-6.tif,3048,997,181,0,0.900,1.000E30,0.900,1.000E30,4,4,0.129,µm
Output\AB7920_V1_section2_488-Cas9_594-PSD95_674-VGluT1_20240220_s00-7.tif,3103,981,180,0,0.900,1.000E30,0.900,1.000E30,4,4,0.129,µm
Output\AB7920_V1_section3_488-Cas9_594-PSD95_674-VGluT1_20240220_s00-1.tif,1721,761,207,0,0.900,1.000E30,0.900,1.000E30,4,4,0.129,µm
Output\AB7920_V1_section3_488-Cas9_594-PSD95_674-VGluT1_20240220_s00-2.tif,2904,1136,295,0,0.900,1.000E30,0.900,1.000E30,4,4,0.129,µm
Output\AB7920_V1_section3_488-Cas9_594-PSD95_674-VGluT1_20240220_s00-3.tif,3103,1051,226,0,0.900,1.000E30,0.900,1.000E30,4,4,0.129,µm
Output\AB7920_V1_section3_488-Cas9_594-PSD95_674-VGluT1_20240220_s00-4.tif,3105,1061,206,0,0.900,1.000E30,0.900,1.000E30,4,4,0.129,µm
Output\AB7920_V1_section3_488-Cas9_594-PSD95_674-VGluT1_20240220_s00-5.tif,3029,1131,238,0,0.900,1.000E30,0.900,1.000E30,4,4,0.129,µm
Output\AB7920_V1_section3_488-Cas9_594-PSD95_674-VGluT1_20240220_s00-6.tif,3148,1150,228,0,0.900,1.000E30,0.900,1.000E30,4,4,0.129,µm
Output\AB7920_V1_section3_488-Cas9_594-PSD95_674-VGluT1_20240220_s00-7.tif,3106,1140,217,0,0.900,1.000E30,0.900,1.000E30,4,4,0.129,µm
Output\AB7923_V1_section1_488-Cas9_594-PSD95_674-VGluT1_20240220_s00-1.tif,1776,1476,339,0,0.900,1.000E30,0.900,1.000E30,4,4,0.128,µm
Output\AB7923_V1_section1_488-Cas9_594-PSD95_674-VGluT1_20240220_s00-2.tif,2814,1854,430,0,0.900,1.000E30,0.900,1.000E30,4,4,0.128,µm
Output\AB7923_V1_section1_488-Cas9_594-PSD95_674-VGluT1_20240220_s00-3.tif,3080,1869,419,0,0.900,1.000E30,0.900,1.000E30,4,4,0.128,µm
Output\AB7923_V1_section1_488-Cas9_594-PSD95_674-VGluT1_20240220_s00-4.tif,3221,1879,413,0,0.900,1.000E30,0.900,1.000E30,4,4,0.128,µm
Output\AB7923_V1_section1_488-Cas9_594-PSD95_674-VGluT1_20240220_s00-5.tif,3244,1830,364,0,0.900,1.000E30,0.900,1.000E30,4,4,0.128,µm
Output\AB7923_V1_section1_488-Cas9_594-PSD95_674-VGluT1_20240220_s00-6.tif,3335,1780,365,0,0.900,1.000E30,0.900,1.000E30,4,4,0.128,µm
Output\AB7923_V1_section1_488-Cas9_594-PSD95_674-VGluT1_20240220_s00-7.tif,3417,1735,368,0,0.900,1.000E30,0.900,1.000E30,4,4,0.128,µm
Output\AB7923_V1_section2_488-Cas9_594-PSD95_674-VGluT1_20240220_s00-1.tif,1274,1298,259,0,0.900,1.000E30,0.900,1.000E30,4,4,0.128,µm
Output\AB7923_V1_section2_488-Cas9_594-PSD95_674-VGluT1_20240220_s00-2.tif,2357,1657,352,0,0.900,1.000E30,0.900,1.000E30,4,4,0.128,µm
Output\AB7923_V1_section2_488-Cas9_594-PSD95_674-VGluT1_20240220_s00-3.tif,2723,1530,315,0,0.900,1.000E30,0.900,1.000E30,4,4,0.128,µm
Output\AB7923_V1_section2_488-Cas9_594-PSD95_674-VGluT1_20240220_s00-4.tif,2829,1555,298,0,0.900,1.000E30,0.900,1.000E30,4,4,0.128,µm
Output\AB7923_V1_section2_488-Cas9_594-PSD95_674-VGluT1_20240220_s00-5.tif,2953,1615,307,0,0.900,1.000E30,0.900,1.000E30,4,4,0.128,µm
Output\AB7923_V1_section2_488-Cas9_594-PSD95_674-VGluT1_20240220_s00-6.tif,3112,1616,330,0,0.900,1.000E30,0.900,1.000E30,4,4,0.128,µm
Output\AB7923_V1_section2_488-Cas9_594-PSD95_674-VGluT1_20240220_s00-7.tif,3207,1570,308,0,0.900,1.000E30,0.900,1.000E30,4,4,0.128,µm
Output\AB7923_V1_section3_488-Cas9_594-PSD95_674-VGluT1_20240220_s00-1.tif,2131,1743,445,0,0.900,1.000E30,0.900,1.000E30,4,4,0.128,µm
Output\AB7923_V1_section3_488-Cas9_594-PSD95_674-VGluT1_20240220_s00-2.tif,2896,1898,490,0,0.900,1.000E30,0.900,1.000E30,4,4,0.128,µm
Output\AB7923_V1_section3_488-Cas9_594-PSD95_674-VGluT1_20240220_s00-3.tif,3261,1767,452,0,0.900,1.000E30,0.900,1.000E30,4,4,0.128,µm
Output\AB7923_V1_section3_488-Cas9_594-PSD95_674-VGluT1_20240220_s00-4.tif,3438,1699,457,0,0.900,1.000E30,0.900,1.000E30,4,4,0.128,µm
Output\AB7923_V1_section3_488-Cas9_594-PSD95_674-VGluT1_20240220_s00-5.tif,3515,1740,470,0,0.900,1.000E30,0.900,1.000E30,4,4,0.128,µm
Output\AB7923_V1_section3_488-Cas9_594-PSD95_674-VGluT1_20240220_s00-6.tif,3553,1737,464,0,0.900,1.000E30,0.900,1.000E30,4,4,0.128,µm
Output\AB7923_V1_section3_488-Cas9_594-PSD95_674-VGluT1_20240220_s00-7.tif,3573,1759,460,0,0.900,1.000E30,0.900,1.000E30,4,4,0.128,µm
Output\AB7924_V1_section1_488-Cas9_594-PSD95_674-VGluT1_20240220_s00-1.tif,1119,956,284,0,0.900,1.000E30,0.900,1.000E30,4,4,0.129,µm
Output\AB7924_V1_section1_488-Cas9_594-PSD95_674-VGluT1_20240220_s00-2.tif,4479,2982,1348,0,0.900,1.000E30,0.900,1.000E30,4,4,0.129,µm
Output\AB7924_V1_section1_488-Cas9_594-PSD95_674-VGluT1_20240220_s00-3.tif,5220,3103,1357,0,0.900,1.000E30,0.900,1.000E30,4,4,0.129,µm
Output\AB7924_V1_section1_488-Cas9_594-PSD95_674-VGluT1_20240220_s00-4.tif,5597,3223,1336,0,0.900,1.000E30,0.900,1.000E30,4,4,0.129,µm
Output\AB7924_V1_section1_488-Cas9_594-PSD95_674-VGluT1_20240220_s00-5.tif,5793,3163,1323,0,0.900,1.000E30,0.900,1.000E30,4,4,0.129,µm
Output\AB7924_V1_section1_488-Cas9_594-PSD95_674-VGluT1_20240220_s00-6.tif,5954,3148,1298,0,0.900,1.000E30,0.900,1.000E30,4,4,0.129,µm
Output\AB7924_V1_section1_488-Cas9_594-PSD95_674-VGluT1_20240220_s00-7.tif,5975,3114,1286,0,0.900,1.000E30,0.900,1.000E30,4,4,0.129,µm
Output\AB7924_V1_section2_488-Cas9_594-PSD95_674-VGluT1_20240220_s00-1.tif,2528,1465,580,0,0.900,1.000E30,0.900,1.000E30,4,4,0.129,µm
Output\AB7924_V1_section2_488-Cas9_594-PSD95_674-VGluT1_20240220_s00-2.tif,3958,1978,822,0,0.900,1.000E30,0.900,1.000E30,4,4,0.129,µm
Output\AB7924_V1_section2_488-Cas9_594-PSD95_674-VGluT1_20240220_s00-3.tif,4341,2008,775,0,0.900,1.000E30,0.900,1.000E30,4,4,0.129,µm
Output\AB7924_V1_section2_488-Cas9_594-PSD95_674-VGluT1_20240220_s00-4.tif,4533,2110,780,0,0.900,1.000E30,0.900,1.000E30,4,4,0.129,µm
Output\AB7924_V1_section2_488-Cas9_594-PSD95_674-VGluT1_20240220_s00-5.tif,4600,2178,732,0,0.900,1.000E30,0.900,1.000E30,4,4,0.129,µm
Output\AB7924_V1_section2_488-Cas9_594-PSD95_674-VGluT1_20240220_s00-6.tif,4816,2206,717,0,0.900,1.000E30,0.900,1.000E30,4,4,0.129,µm
Output\AB7924_V1_section2_488-Cas9_594-PSD95_674-VGluT1_20240220_s00-7.tif,4929,2203,680,0,0.900,1.000E30,0.900,1.000E30,4,4,0.129,µm
Output\AB7924_V1_section3_488-Cas9_594-PSD95_674-VGluT1_20240220_s00-1.tif,1732,1346,447,0,0.900,1.000E30,0.900,1.000E30,4,4,0.129,µm
Output\AB7924_V1_section3_488-Cas9_594-PSD95_674-VGluT1_20240220_s00-2.tif,4344,2459,1026,0,0.900,1.000E30,0.900,1.000E30,4,4,0.129,µm
Output\AB7924_V1_section3_488-Cas9_594-PSD95_674-VGluT1_20240220_s00-3.tif,4915,2337,896,0,0.900,1.000E30,0.900,1.000E30,4,4,0.129,µm
Output\AB7924_V1_section3_488-Cas9_594-PSD95_674-VGluT1_20240220_s00-4.tif,5237,2421,889,0,0.900,1.000E30,0.900,1.000E30,4,4,0.129,µm
Output\AB7924_V1_section3_488-Cas9_594-PSD95_674-VGluT1_20240220_s00-5.tif,5496,2263,827,0,0.900,1.000E30,0.900,1.000E30,4,4,0.129,µm
Output\AB7924_V1_section3_488-Cas9_594-PSD95_674-VGluT1_20240220_s00-6.tif,5707,2261,798,0,0.900,1.000E30,0.900,1.000E30,4,4,0.129,µm
Output\AB7924_V1_section3_488-Cas9_594-PSD95_674-VGluT1_20240220_s00-7.tif,5783,2215,807,0,0.900,1.000E30,0.900,1.000E30,4,4,0.129,µm
Output\AB7927_V1_section1_488-Cas9_594-PSD95_674-VGluT1_20240220_s00-1.tif,2087,1288,438,0,0.900,1.000E30,0.900,1.000E30,4,4,0.129,µm
Output\AB7927_V1_section1_488-Cas9_594-PSD95_674-VGluT1_20240220_s00-2.tif,3525,1891,585,0,0.900,1.000E30,0.900,1.000E30,4,4,0.129,µm
Output\AB7927_V1_section1_488-Cas9_594-PSD95_674-VGluT1_20240220_s00-3.tif,3893,1869,515,0,0.900,1.000E30,0.900,1.000E30,4,4,0.129,µm
Output\AB7927_V1_section1_488-Cas9_594-PSD95_674-VGluT1_20240220_s00-4.tif,4027,1849,469,0,0.900,1.000E30,0.900,1.000E30,4,4,0.129,µm
Output\AB7927_V1_section1_488-Cas9_594-PSD95_674-VGluT1_20240220_s00-5.tif,4023,1786,446,0,0.900,1.000E30,0.900,1.000E30,4,4,0.129,µm
Output\AB7927_V1_section1_488-Cas9_594-PSD95_674-VGluT1_20240220_s00-6.tif,4142,1781,401,0,0.900,1.000E30,0.900,1.000E30,4,4,0.129,µm
Output\AB7927_V1_section1_488-Cas9_594-PSD95_674-VGluT1_20240220_s00-7.tif,4207,1765,379,0,0.900,1.000E30,0.900,1.000E30,4,4,0.129,µm
Output\AB7927_V1_section2_488-Cas9_594-PSD95_674-VGluT1_20240220_s00-1.tif,2916,1994,704,0,0.900,1.000E30,0.900,1.000E30,4,4,0.129,µm
Output\AB7927_V1_section2_488-Cas9_594-PSD95_674-VGluT1_20240220_s00-10.tif,4431,1300,284,0,0.900,1.000E30,0.900,1.000E30,4,4,0.129,µm
Output\AB7927_V1_section2_488-Cas9_594-PSD95_674-VGluT1_20240220_s00-11.tif,4472,1292,277,0,0.900,1.000E30,0.900,1.000E30,4,4,0.129,µm
Output\AB7927_V1_section2_488-Cas9_594-PSD95_674-VGluT1_20240220_s00-12.tif,4448,1260,269,0,0.900,1.000E30,0.900,1.000E30,4,4,0.129,µm
Output\AB7927_V1_section2_488-Cas9_594-PSD95_674-VGluT1_20240220_s00-2.tif,3794,2126,741,0,0.900,1.000E30,0.900,1.000E30,4,4,0.129,µm
Output\AB7927_V1_section2_488-Cas9_594-PSD95_674-VGluT1_20240220_s00-3.tif,4073,2094,699,0,0.900,1.000E30,0.900,1.000E30,4,4,0.129,µm
Output\AB7927_V1_section2_488-Cas9_594-PSD95_674-VGluT1_20240220_s00-4.tif,4271,2000,629,0,0.900,1.000E30,0.900,1.000E30,4,4,0.129,µm
Output\AB7927_V1_section2_488-Cas9_594-PSD95_674-VGluT1_20240220_s00-5.tif,4206,1540,425,0,0.900,1.000E30,0.900,1.000E30,4,4,0.129,µm
Output\AB7927_V1_section2_488-Cas9_594-PSD95_674-VGluT1_20240220_s00-6.tif,4323,1410,357,0,0.900,1.000E30,0.900,1.000E30,4,4,0.129,µm
Output\AB7927_V1_section2_488-Cas9_594-PSD95_674-VGluT1_20240220_s00-7.tif,4411,1378,345,0,0.900,1.000E30,0.900,1.000E30,4,4,0.129,µm
Output\AB7927_V1_section2_488-Cas9_594-PSD95_674-VGluT1_20240220_s00-8.tif,4427,1374,328,0,0.900,1.000E30,0.900,1.000E30,4,4,0.129,µm
Output\AB7927_V1_section2_488-Cas9_594-PSD95_674-VGluT1_20240220_s00-9.tif,4412,1312,300,0,0.900,1.000E30,0.900,1.000E30,4,4,0.129,µm
Output\AB7927_V1_section3_488-Cas9_594-PSD95_674-VGluT1_20240220_s00-1.tif,3440,2839,1127,0,0.900,1.000E30,0.900,1.000E30,4,4,0.129,µm
Output\AB7927_V1_section3_488-Cas9_594-PSD95_674-VGluT1_20240220_s00-2.tif,4271,3094,1150,0,0.900,1.000E30,0.900,1.000E30,4,4,0.129,µm
Output\AB7927_V1_section3_488-Cas9_594-PSD95_674-VGluT1_20240220_s00-3.tif,4609,3029,1076,0,0.900,1.000E30,0.900,1.000E30,4,4,0.129,µm
Output\AB7927_V1_section3_488-Cas9_594-PSD95_674-VGluT1_20240220_s00-4.tif,4696,2895,917,0,0.900,1.000E30,0.900,1.000E30,4,4,0.129,µm
Output\AB7927_V1_section3_488-Cas9_594-PSD95_674-VGluT1_20240220_s00-5.tif,4714,2534,716,0,0.900,1.000E30,0.900,1.000E30,4,4,0.129,µm
Output\AB7927_V1_section3_488-Cas9_594-PSD95_674-VGluT1_20240220_s00-6.tif,4962,2531,676,0,0.900,1.000E30,0.900,1.000E30,4,4,0.129,µm
Output\AB7927_V1_section3_488-Cas9_594-PSD95_674-VGluT1_20240220_s00-7.tif,5114,2502,671,0,0.900,1.000E30,0.900,1.000E30,4,4,0.129,µm
Output\AB7928_V1_section1_488-Cas9_594-PSD95_674-VGluT1_20240220_s00-1.tif,1821,1433,400,0,0.900,1.000E30,0.900,1.000E30,4,4,0.128,µm
Output\AB7928_V1_section1_488-Cas9_594-PSD95_674-VGluT1_20240220_s00-2.tif,3151,1594,520,0,0.900,1.000E30,0.900,1.000E30,4,4,0.128,µm
Output\AB7928_V1_section1_488-Cas9_594-PSD95_674-VGluT1_20240220_s00-3.tif,4047,1624,599,0,0.900,1.000E30,0.900,1.000E30,4,4,0.128,µm
Output\AB7928_V1_section1_488-Cas9_594-PSD95_674-VGluT1_20240220_s00-4.tif,4600,1597,599,0,0.900,1.000E30,0.900,1.000E30,4,4,0.128,µm
Output\AB7928_V1_section1_488-Cas9_594-PSD95_674-VGluT1_20240220_s00-5.tif,5095,1673,673,0,0.900,1.000E30,0.900,1.000E30,4,4,0.128,µm
Output\AB7928_V1_section1_488-Cas9_594-PSD95_674-VGluT1_20240220_s00-6.tif,5393,1709,683,0,0.900,1.000E30,0.900,1.000E30,4,4,0.128,µm
Output\AB7928_V1_section1_488-Cas9_594-PSD95_674-VGluT1_20240220_s00-7.tif,5644,1751,683,0,0.900,1.000E30,0.900,1.000E30,4,4,0.128,µm
Output\AB7928_V1_section2_488-Cas9_594-PSD95_674-VGluT1_20240220_s00-1.tif,1172,428,143,0,0.900,1.000E30,0.900,1.000E30,4,4,0.129,µm
Output\AB7928_V1_section2_488-Cas9_594-PSD95_674-VGluT1_20240220_s00-2.tif,2945,874,318,0,0.900,1.000E30,0.900,1.000E30,4,4,0.129,µm
Output\AB7928_V1_section2_488-Cas9_594-PSD95_674-VGluT1_20240220_s00-3.tif,3580,875,340,0,0.900,1.000E30,0.900,1.000E30,4,4,0.129,µm
Output\AB7928_V1_section2_488-Cas9_594-PSD95_674-VGluT1_20240220_s00-4.tif,4051,1024,389,0,0.900,1.000E30,0.900,1.000E30,4,4,0.129,µm
Output\AB7928_V1_section2_488-Cas9_594-PSD95_674-VGluT1_20240220_s00-5.tif,4626,1273,480,0,0.900,1.000E30,0.900,1.000E30,4,4,0.129,µm
Output\AB7928_V1_section2_488-Cas9_594-PSD95_674-VGluT1_20240220_s00-6.tif,4980,1355,474,0,0.900,1.000E30,0.900,1.000E30,4,4,0.129,µm
Output\AB7928_V1_section2_488-Cas9_594-PSD95_674-VGluT1_20240220_s00-7.tif,5216,1369,481,0,0.900,1.000E30,0.900,1.000E30,4,4,0.129,µm
Output\AB7928_V1_section3_488-Cas9_594-PSD95_674-VGluT1_20240220_s00-1.tif,1772,693,252,0,0.900,1.000E30,0.900,1.000E30,4,4,0.129,µm
Output\AB7928_V1_section3_488-Cas9_594-PSD95_674-VGluT1_20240220_s00-2.tif,3321,1345,556,0,0.900,1.000E30,0.900,1.000E30,4,4,0.129,µm
Output\AB7928_V1_section3_488-Cas9_594-PSD95_674-VGluT1_20240220_s00-3.tif,4018,1395,609,0,0.900,1.000E30,0.900,1.000E30,4,4,0.129,µm
Output\AB7928_V1_section3_488-Cas9_594-PSD95_674-VGluT1_20240220_s00-4.tif,4625,1628,755,0,0.900,1.000E30,0.900,1.000E30,4,4,0.129,µm
Output\AB7928_V1_section3_488-Cas9_594-PSD95_674-VGluT1_20240220_s00-5.tif,5081,2031,887,0,0.900,1.000E30,0.900,1.000E30,4,4,0.129,µm
Output\AB7928_V1_section3_488-Cas9_594-PSD95_674-VGluT1_20240220_s00-6.tif,5358,2090,888,0,0.900,1.000E30,0.900,1.000E30,4,4,0.129,µm
Output\AB7928_V1_section3_488-Cas9_594-PSD95_674-VGluT1_20240220_s00-7.tif,5488,2133,884,0,0.900,1.000E30,0.900,1.000E30,4,4,0.129,µm
